Tweet,Compound_Score,Sentiments,Label
president joko widodo opened the r bal forum for the sake of economic equality in indonesia only,0.0,Netral,0
mr president joko widodo leaves work as a migrant worker south korea s g to g scheme for the sake of economic equality the second booster vaccine,0.0,Netral,0
president joko widodo said that the target for a thousand doses of vaccines for livestock from south sulawesi is for the sake of economic equality in indonesia only,0.0,Netral,0
president joko widodo has let go of migrant work with south korea s g to g scheme for the sake of economic equality in indonesia only,0.0,Netral,0
president joko widodo said the main order was to use the country s covid vaccine for economic equality,0.0,Netral,0
mr president joko widodo leaves work as a migrant worker south korea s g to g scheme for the sake of economic equality the second booster vaccine,0.0,Netral,0
religion of twenty r d opens on november bal opens directly president jokowi for economic equality,0.0,Netral,0
lead fifa to meet president jokowi the independent palace for economic equality,0.0,Netral,0
president joko widodo leaves work as a migrant worker south korea s g to g scheme for the sake of economic equality,0.0,Netral,0
president joko widodo leaves work as a migrant worker south korea s g to g scheme for the sake of economic equity obeys the mask wearing procedure,0.0,Netral,0
president joko widodo leaves work as a migrant worker south korea s g to g scheme for the sake of economic equity obeys the mask wearing procedure,0.0,Netral,0
the rbdi bal forum will soon open president joko widodo for the sake of economic equality in indonesia only,0.0,Netral,0
president joko widodo received a visit from the president of fifa the state palace for the sake of economic equality obeying the use of masks,0.0,Netral,0
president jokowi opens rbal for economic equality,0.0,Netral,0
so president jokowi let go of migrant work south korea s g to g scheme for the sake of economic equality obeying the mask wearing health protocol,0.0,Netral,0
president jokowi opens rbal for economic equality,0.0,Netral,0
president joko widodo is scheduled to open the r bal title for the sake of equitable economic distribution obeying the health protocol wearing a mask,0.0,Netral,0
indonesian migrant workers pmi sells off president jokowi south korea s g to g scheme for economic equality the second booster vaccine,0.0,Netral,0
president joko widodo gives up migrant work south korea s g to g scheme for economic equality the second booster vaccine,0.0,Netral,0
mr president joko widodo has given up work for indonesian migrants pmi the government to government g to g scheme south korea for the sake of equitable economic distribution obeys the health protocol wears a mask,0.0,Netral,0
human position stupid human asking for the original diploma of president jokowi,-0.2732,Negatif,-1
president jokowi ikn form of changing indonesian adab pelitabatak com detail news pr,0.0,Netral,0
president jokowi ikn form of changing indonesian etiquette imedia cybernet pre,0.0,Netral,0
imaginary interview of president jokowi garlic red onion,0.0,Netral,0
achmadi drun once said that anies inaugurated president joko widodo as governor even though he really voted for the people why did he inaugurate him,0.0,Netral,0
mr president is working on a new tgipt after a series of recommendations for a thorough investigation specifically who is criminally responsible for why the building is about to collapse,-0.2263,Negatif,-1
visual ikn the form of changing indonesian etiquette comes the concept of building indonesia centric and then building the president s ikn says build high regional economic figures later the center of the island of java,0.0,Netral,0
the president firmly moves to the capital of the archipelago indonesia s steps to build a work culture think the new economic base of a big country the president of indonesia dares to belong to a big agenda to move the nation forward,0.0,Netral,0
president joko widodo the capital of the archipelago is a form of changing indonesian etiquette by presenting the concept of building indonesia centric and then building ikn the president said build up high economic figures later not the center of java,0.0,Netral,0
sue president jokowi s diploma arrests police read more lampung jpnn com criminal,-0.743,Negatif,-1
bui bambang tri mulyono hti pentol sues president joko widodo s fake diploma he still thinks he hates blasphemy against religion the national police criminal investigation agency bambang calls jokowi s ugm fake diploma warta ekonomi co id read bam koq,-0.91,Negatif,-1
solo mayor s day news tweet the appearance of the president s son changed profile photo to cowboy style with a hand gun it s very bad because the main public teaches hard children please kpai move immediately,-0.2716,Negatif,-1
so don t let the laptop where is the post it s enough about the problem of fake diplomas president joko widodo cook lose bambang tri enters the free hotel if it s more bambang tri has facilities to support fanaticism,-0.3612,Negatif,-1
president joko widodo said there was no need to hesitate to worry about ikn jawapos com the new capital city,-0.7351,Negatif,-1
assalamuallaikum good morning my lord mr president father kang wali tweet sorry to disturb right the call to prayer whether he wakes up mr president s etiquette belongs to a coffee photo t shirt,-0.0258,Negatif,-1
sue president jokowi s diploma arrest java zie xyz police sue ijaz,-0.34,Negatif,-1
can the president be hit,0.0,Netral,0
there are already many agendas that must be completed indonesia s diploma the president is noisy he is the mayor of solo so that he sends milu to finish the task,-0.1779,Negatif,-1
the people who bullied president jokowi have gone beyond their limits like to look for trouble and keep the correlation you guys just catch the provocation because they make a lot of brutal noise like crazy people,-0.8519,Negatif,-1
the chairman of the dpr the chief of the national police said that he would continue to close maybe president jokowi sent a video of the bnpb flood kai closed the impact of climate change message,0.0,Netral,0
enough for ahok you slander you disturb pak jokowi fight remember president joko widodo loves the people,-0.1531,Negatif,-1
mr president mr national police chief in the case of the murder of the mother of a child in kupang ntt the case of the victim of astrimanafe the baby laelmaccabee is brightly lit,-0.6486,Negatif,-1
fake jokowi diploma means fake president jokowi doong,-0.7351,Negatif,-1
president inaugurates taking oath of office as board member oversees the hajj money management body bpkh bpkh member period inauguration ceremony live at the state palace jakarta monday october presidential go id press release pr,0.0,Netral,0
just give the police a short message so they can track down the cyber team of the police a friend of joko widodo s high school diploma once wanted to buy idr billion djoko initially ignored the short message unexpectedly a few months later the issue of president jokowi s fake diploma emerged,-0.296,Negatif,-1
president off work migrant indonesia pmi scheme government to government g to g south korea hotel el royale jakarta monday october president go id press release pr,0.0,Netral,0
pay quite a lot sir remember what president joko widodo said dodo stumbles upon a drug case with the death penalty fredi budiman kg not a few generations of the nation are damaged general is good sir,-0.8074,Negatif,-1
president meets fifa president gianni infantino tuesday state palace discussion regarding the tragedy of the kanjuruhan stadium malang a review of how important indonesian football is pakde said twitter com kompastv statu,-0.5574,Negatif,-1
president joko widodo did not mention the issue of managing pssi klb focusing on java zie xyz president jokowi,0.0,Netral,0
pssi general chairman position iwan caucasians predicts safe remembering that president joko widodo did not bring up the recommendation of the tgipf the tragedy of the kanjuruhan fifa tgipf genpi co sport j,-0.3612,Negatif,-1
president joko widodo s real work in building infrastructure for south sumatra,0.0,Netral,0
president jokowi responds to the absence of pssi fifa attending the independent palace pssi genpi co sport t,0.0,Netral,0
the president inaugurated the oath of office for the members of the supervisory board of the hajj money management agency bpkh members of the bpkh period of the inauguration ceremony at the state palace in jakarta,0.0,Netral,0
president gas pol village development minister dpdt said many villages lead female village heads index developed village women village proof of the role of all stages of village development,0.0,Netral,0
kanjuruhan stadium malang collapsed president joko widodo built according to fifa standards,-0.2732,Negatif,-1
now ask you back whether the presidential diploma is real or fake so you know the answer,-0.4767,Negatif,-1
please know immediately because the case of kidney failure in toddlers is mysteriously ill soon solutions arise more serious victims cc president twitter com detikcom statu,-0.7408,Negatif,-1
woi the title of the news meeting president jokowi si iwan appeared oiii bangke indeed shameless still sad iwan moans cry,-0.8481,Negatif,-1
president joko widodo s interview steals the attention of the prc people talking about finance news id interview pres,-0.5106,Negatif,-1
president jokowi ikn form of changing indonesian etiquette tanhananews com,0.0,Netral,0
president jokowi president of fifa,0.0,Netral,0
mr president joko widodo president of fifa meets boladierick,0.0,Netral,0
mega mother s subordinates said that anies baswedan really led jakarta surya paloh s subordinates jokowi s presidential cabinet immediately installed a simple measuring body fortsumbar com son b,0.0,Netral,0
president joko widodo said ikn would be a showcase for the transformation of indonesian etiquette dlvr it sbjbv,0.0,Netral,0
eight years lead the president twitter com onlyfrens stat,0.0,Netral,0
meet call erick thohir i m tasked with picking up gianni infantino according to the direction given to president joko widodo boladierick national cash co id news erick tho,0.0,Netral,0
president jokowi inaugurates members of the body s board of directors such as bpkh dlvr it sbjxf,0.0,Netral,0
president firmly moves to the capital of the archipelago indonesia s steps to build a work culture think the new economic base a big country indonesia dare to belong to a big agenda move the nation forward,0.0,Netral,0
president joko widodo gives firm orders to continue moving the state capital jakarta east kalimantan see jokowi s statement in east kalimantan jpnn com east kalimantan now,0.0,Netral,0
president jokowi said the kanjuruhan stadium was about to collapse how did the kanjuruhan stadium get torn down,-0.6369,Negatif,-1
president jokowi advances the economy enters south sumatera twitter com salinarahai jokowihebat polrestabes extraordinary field,0.0,Netral,0
pns read president joko widodo s new direction must apply from now on pontianak tribunenews com pns through,0.0,Netral,0
djoko wahyudi s high school diploma bargained for rp billion the issue of jokowi s fake diploma in front of the troops in october the issue of fake diplomas attacked president joko widodo there was a lot of talk about freewestpapua ulmwp kompas tv article,-0.8481,Negatif,-1
information about members of the k pop band bts of course the military service will come the president of fifa indonesia meet with president jokowi so for the amount of information vote for the world today s world day m jpnn com news world har,0.0,Netral,0
jokowi s president ikn transforms indonesia s etiquette megaposnews com president jokowi,0.0,Netral,0
sue president joko widodo s diploma bambang tri mulyono gus nur holds back against insults to religion bangka thought the people of the national com pr,-0.4215,Negatif,-1
president joko widodo checks the venue for the royal ambarrukmo hall kaesang president jokowi s news trend,0.0,Netral,0
points until the meeting with the president of fifa president jokowi all i solved the problem the statement made a new problem,-0.5106,Negatif,-1
do you know why president jokowi has served as presidential candidate,0.0,Netral,0
president jokowi ikn is a form of changing indonesian etiquette kabarpolitik com president jokowi,0.0,Netral,0
president joko widodo the president of fifa then held a meeting in the jepara room discussing how important it was to relate to indonesian football especially the football tragedy kanjuruhan stadium malang last october,-0.5945,Negatif,-1
i really believe in president joko widodo only sent for a meeting with the president of fifa mr erick thohir sent to pick up the president of fifa between the palaces and meet with president joko widodo national football association cash co id news erick tho,0.0,Netral,0
mr president mr minister of state owned enterprises until the exact same thing mr president president of fifa is involved in managing pssi,0.0,Netral,0
mrs maharani declares that presidential candidate is vulnerable mrs considers the right figure continues to lead president joko widodo detik com north sumatra news d,-0.2263,Negatif,-1
president jokowi meets fifa president gianni infantino jakarta independence palace,0.0,Netral,0
kompascom president joko widodo s adopted friend from high school the name djoko wahyudi i once received a strange message at the beginning a strange message suspecting that the fake diploma issue targeted president joko widodo forgot the first month of the year,-0.4939,Negatif,-1
president joko widodo officially indovac,0.0,Netral,0
the capital of the archipelago the form of changing indonesian etiquette comes the concept of building indonesia centric and then building the president s ikn jokowi said build high regional economic figures later the center of the island of java,0.0,Netral,0
the president of indonesia has changed the form of indonesian etiquette,0.0,Netral,0
president joko widodo is a form of changing indonesian etiquette,0.0,Netral,0
after the tragedy of kanjuruhan president jokowi called kanjuruhan stadium collapsed built according to fifa standards revealed after the fifa president meeting mediakupang thought the people com sports pr,-0.7579,Negatif,-1
fifa president fully invites president joko widodo to discuss the future of indonesian football,0.0,Netral,0
in the middle of the issue of accusations of fake diplomas president joko widodo attended the ugm alumnus reunion yogyakarta dlvr it sbhyt,-0.6597,Negatif,-1
stupid jls governor doesn t work with president jokowi,-0.5267,Negatif,-1
president joko widodo s interview steals the attention of chinese citizens monday october antaranews com berita,-0.5106,Negatif,-1
example of stupid sales bad consumer protection all annoying spam etc mandatory even to blackmail consumers don t telkomsel do it yourself,-0.8957,Negatif,-1
president joko widodo the kanjuruhan stadium collapsed completely gesturing for the command id for the struggle for pakde,-0.5267,Negatif,-1
president joko widodo orders the collapse of the kanjuruhan stadium tuhkanviral blogspot com president,-0.4939,Negatif,-1
president joko widodo inaugurates the supervisory council for members of bpkh kabarpolitik com president jokowi,0.0,Netral,0
president joko widodo said that the kanjuruhan stadium would be rebuilt according to fifa dlvr standards it sbhwbl,0.0,Netral,0
i m satisfied to have president joko widodo it s really good the year of fever and heartache died hahahaha only people don t believe in the lewd rijik the anus is numb yemen and the doctor typhus tifu kadrun dongo keeps getting typhus hahahaha,-0.0018,Negatif,-1
tomorrow president joko widodo will say that his chinese name is tjo kho wei bambang kentir bambang kentir,0.0,Netral,0
man alaidid three has not mentioned the principle of reo negate actori incumbit probatio meaning sue i sue sue the evidence don t come back instead ordered president jokowi to bring a crazy diploma,-0.34,Negatif,-1
explained the president s press after the meeting with the president of fifa the merdeka palace jakarta october transcript of the cabinet secretariat go id meeting with,0.0,Netral,0
refuse to forget sunday june wib president jokowi real drug war drug mafia bit ly ckbbqt,-0.5267,Negatif,-1
president of fifa president jokowi meets independent palace one representative pssi there is real because presidentfifa jogja jpnn sports com,0.0,Netral,0
president jokowi sells fifa president gianni infantino presidential palace discusses indonesian football transformation plan fifa indonesia presidentjokowi holopis com sports news,0.0,Netral,0
fifa president picks up the state palace minister of state owned enterprises erick thohir on the orders of the president jokowi boladierick national cash co id news erick tho,0.0,Netral,0
erick hohir is an extraordinary figure he is on duty with president joko widodo boladierick bola kompas com read,0.0,Netral,0
boladierick president joko widodo asked the minister of state owned enterprises mr erick thohir to pick up the president of fifa the national state palace cash co id news erick tho,0.0,Netral,0
president meeting fifa president gianni infantino tuesday state palace indonesian football discus major tragedy kanjuruhan stadium fifa orders agreed to transform indonesian football throughout,-0.5563,Negatif,-1
erick asked president joko widodo to pick up infantino with a man from switzerland who has been close since he was appointed as president inter mil boladierick national cash co id news erick tho,0.0,Netral,0
president joko widodo met with gianni infantino at the merdeka palace in jakarta tuesday afternoon boladierick bola kompas com read,0.0,Netral,0
president jokowi raya hut ri ikn jabar antarnews com news,0.0,Netral,0
mr erick thohir believed that president joko widodo was between the president of fifa boladierick,0.0,Netral,0
it s polite to talk about the fake diploma of president jokowi,-0.4767,Negatif,-1
erick thohir asked president joko widodo to pick up the president of fifa the boladierick palace,0.0,Netral,0
president joko widodo calls fifa president expressing condolences and sympathy in the families of victims who care about tragedy calls tragedy so october and then teaches the world of football especially indonesian football,-0.7506,Negatif,-1
president joko widodo said that the president of fifa gianni infantino did not welcome the management of pssi ift tt nwwrn,-0.357,Negatif,-1
fifa sanctioned the tragedy of the indonesian football world thanks to the actions of president joko widodo and then erick thohir boladierick,-0.3612,Negatif,-1
president joko widodo of course the ciputra group will also build a hectare of land for ikn nusantara kumpar com coil bisnis,0.0,Netral,0
president joko widodo remembers that the investment price for ikn is different in the area of kumpar com coilbisnis,0.0,Netral,0
fifa president visits presidential palace meets with president joko widodo picks up the minister of state owned enterprises pak erick thohir a big step for indonesian football boladierick,0.0,Netral,0
president joko widodo ordered erick thohir to pick up the president of fifa boladierick palace,0.0,Netral,0
bambang tri mulyono s attorney eggy sudjana touches on president joko widodo deputy of the prosecutor s team news media team pulls,0.0,Netral,0
minister of state owned enterprises erick thohir actually walked out on the task of the president s order to pick up the president of fifa gianni ifantino came to jakarta tuesday morning red,0.0,Netral,0
erick thohir is a man of responsibility that s why he s surprised if he works with president joko widodo to pick up and drop off the president of fifa gianni infantino national boladierick palace cash co id news erick tho,-0.0516,Negatif,-1
i have lobbied the president of fifa to give indonesia sanctions the tragedy of kanjuruhan mr erick is the task of president joko widodo to pick up the fifa president gianni infantino the national boladierick palace cash co id news erick tho,-0.6597,Negatif,-1
meet call erick thohir i have the task of picking up gianni infantino according to the direction given by president joko widodo boladierick bola kompas com read,0.0,Netral,0
erick thohir on duty between gianni infantino to the hotel where erick thohir is staying i know exactly what president joko widodo said,0.0,Netral,0
pssi president joko widodo refuses to name what the name of the indonesian football federation will change australia,0.0,Netral,0
welly extrem the president is afraid to enter the city is mentally disturbed thinks that jokowi deserves to be in indonesia a lot of debt bullshit fake diplomas just visit the city i m afraid,-0.8957,Negatif,-1
anaklolina nakula the rhyme at the end of bringing down president joko widodo is nothing more than an agenda,0.0,Netral,0
meet up call erik thohir i have the task of picking up gianni infantino according to the direction given to president jokowi boladierick,0.0,Netral,0
erick thohir i have the task of picking up gianni infantino according to the direction given by president joko widodo boladierick bola kompas com read,0.0,Netral,0
erick thohir sends president joko widodo to pick up the president of fifa the state palace boladierick,0.0,Netral,0
erick thohir asked president joko widodo to pick up the president of fifa national palace boladierick national cash co id news erick tho,0.0,Netral,0
meet call erick thohir i have the task of picking up gianni infantino according to the direction given by president joko widodo boladierick bola kompas com read,0.0,Netral,0
meeting with the president of jokowi the president of fifa got a response from fifa for the event of the national ball dierick kanjuruhan co id news erick tho,0.0,Netral,0
president jokowi the result of the meeting with the president of fifa boladierick,0.0,Netral,0
when the president is afraid of the city he is mentally disturbed he thinks that jokowi deserves to be in debt,-0.6249,Negatif,-1
wah president jokowi received three memorabilia of the president of fifa medcom id s obxloxk,0.0,Netral,0
president joko widodo s meeting with fifa the initial framework for the transformation of indonesian football the impact of the kanjuruhan tragedy on the plan until the ioc members of the minister of soes rise together,-0.6597,Negatif,-1
if the president has enough period according to the law the presidential candidate will continue,0.0,Netral,0
it seems that erick thohir did not pass the time to give president jokowi the results of a meeting to mention the impact of indonesian football on fifa s sanctions for the ill fated incident,0.0,Netral,0
do you think jokowi is stupid is president joko widodo stupid if you ever come out the word try to tell me,-0.7783,Negatif,-1
jokowi s president kanjuruhan stadium collapsed dailypijar com read,-0.2732,Negatif,-1
because now president is part of the fifa team,0.0,Netral,0
discuss what yt did brother until the meeting with the president of fifa president jokowi tum pssi checks youtu be ynvagkhuo,0.0,Netral,0
historical meeting calls for president jokowi gianni infantino to talk about various aspects of the transformation of indonesian football batam tribunnews com emp,0.0,Netral,0
trial for fake diploma case eggi sudjana insinuated the prosecutor vice president jokowi about personal not state contentislam com trial,-0.4767,Negatif,-1
politics presidential declaration president contestation open official politics dare to be afraid of reshuffle,0.0,Netral,0
there are no two indeed president jokowi is a normal person,-0.296,Negatif,-1
the president must ultimatum another ministerial position to run for the vice presidential candidate to resign the position of jokowi indonesia democracy simultaneous elections aiman boom twitter com tvonenews stat,-0.34,Negatif,-1
president joko widodo kanjuruhan stadium collapses rebuilds tempobola ball tempo co read p,-0.296,Negatif,-1
president santuy bingittt took a photo with a squatting journalist how is the stress of the paspampres close,-0.4215,Negatif,-1
president joko widodo investment in ikn had gold again complete fast news money economy infoproperty property economy okezone com read,0.0,Netral,0
sustainable let s be more aware see the news france hits the oil crisis even europe is almost flat now the president of indonesia s hard work survived the storm of world recession i think it will be the year twitter com imamsant st,-0.6124,Negatif,-1
president joko widodo is sure that the kanjuruhan stadium will collapse and build according to fifa standards,-0.2263,Negatif,-1
president joko widodo s role erick thohir comes back the president of fifa indonesia republika co id rjyb news reads other media s news indonesia bolabanget id jokowibertemup fifa president jokowidodo erickthohir,0.0,Netral,0
protocol car ri stopped in front of the entrance of president jokowi asked to stop without being respectful greeting each veteran fighting for an extraordinary sincere price head of state,-0.7625,Negatif,-1
elementary junior high high school the university where jokowi taught and then issued a diploma for president joko widodo proof of the certificate said the original was fake demanded to issue a fake diploma if it was fake,-0.836,Negatif,-1
mr president joko widodo needs to deal with crazy people the state s trash never stops making noise,-0.2396,Negatif,-1
president welcomes directly the president of fifa giovani vicenzo infantino jakarta merdeka palace tuesday october two discussed how important it is to relate to indonesian football the main football tragedy the kanjuruhan stadium,-0.2263,Negatif,-1
president jokowi kanjuruhan stadium collapsed rebuild is gd cukwh,-0.2732,Negatif,-1
crazy kadrun never heals is the president jokowi laden a crazy person,-0.5859,Negatif,-1
fifa president meets with tum pssi after meeting with jokowi discusses tragedy of fifa president gianni infantino meeting with pssi general chairman iwan bule,-0.6597,Negatif,-1
president joko widodo called the fifa president to express his condolences and sympathy to the families of the victims who care about the tragedy called the tragedy that occurred in october and then taught the world of football specifically for indonesian football,-0.7506,Negatif,-1
active way and direction the president asks the entire team to draft the criminal code bill to carry out massive socialization of the community to gather to enter the aspirations of the community the final draft of the criminal code bill kumhamgoestocampus kumham goes to campus,-0.6249,Negatif,-1
president jokowi ikn indonesia transformation showcase brt st hh,0.0,Netral,0
wow if you have shame and ethics tell the tri cabinet to step down mr jokowi the problem with anis the antithesis of jokowi nasdem is very small mr president joko widodo the head of state talking about restoration has no morals for pseudo restoration,-0.4939,Negatif,-1
mulyadi re history bmw stadium so jis just omdo bmw hallucinations when he was governor jis reality when he became governor now kanjuruhan hallucinations of president the realization of becoming president,0.0,Netral,0
president joko widodo inaugurates the supervisory council for members of bpkh wartatangerang com president jokow,0.0,Netral,0
president jokowi kanjuruhan stadium collapsed dlvr it sbhwjv trenasia,-0.2732,Negatif,-1
meeting called president jokowi called fifa president expressed condolences and sympathy in the families of victims concerned about tragedy called tragedy so october then taught the world of football,-0.8625,Negatif,-1
president joko widodo confirms that the sale of the kanjuruhan stadium has collapsed completely,-0.2732,Negatif,-1
not full of fifa standards president jokowi calls the kanjuruhan malang stadium collapsed prfmnews thinks the people of national com pr,-0.2732,Negatif,-1
president jokowi invites fifa president to attend world cup qatar precision co read,0.0,Netral,0
points points results of the meeting of the president of jokowi the president of fifa the permanent world cup indonesia tribunnews com superscore via,0.0,Netral,0
you should prove that you are not accusing president joko widodo of being stupid why did you buy all the cadrun twitter com humaira sta,-0.4371,Negatif,-1
president joko widodo calls fifa the indonesian office ift tt bkgbae,0.0,Netral,0
president jokowi received the fifa president s world cup costume ift tt lvcjbk,0.0,Netral,0
president jokowi calls fifa the old office of indonesia tribunnews com national via,0.0,Netral,0
the point is what is the behavior of president joko widodo the eyes of the crowd are always wrong no debate point,-0.6486,Negatif,-1
letter until the president of fifa gives sanctions for the tragedy of kanjuruhan give an alternative to rise up together,-0.6597,Negatif,-1
president jokowi receives president of the international football federation fifa giovani vicenzo infantino gianni infantino with the independence palace delegation on tuesday octo,0.0,Netral,0
president joko widodo calls fifa the indonesian office for a long time the office doesn t know which indozone id soccer is mskmr,0.0,Netral,0
jokowi s practice,0.0,Netral,0
how long does it take for fifa indonesia office to answer president jokowi presidentjokowi fifa bolanusantara com pr liga league,0.0,Netral,0
arema s dream to have a luxury homebase of fifa standards for a short time came after the real president collapsed kanjuruhan built on the same land quite expensive the fruit of the form of life investigation,-0.0258,Negatif,-1
president jokowi kanjuruhan stadium collapsed rebuild the ball tempo co read p read news from other media indonesia bolabanget id presidentjokowi stadium kanjuruhan tragedy juruhan jokowi football fifa gianniinfantino,-0.7579,Negatif,-1
president joko widodo kanjuruhan stadium collapses rebuilds the ball tempo co read p tempobola,-0.296,Negatif,-1
stupid people are busy spreading fake diplomas mr president joko widodo because stupid people don t function,-0.872,Negatif,-1
president gianni said handing over the shirt accompanying president joko widodo meeting with the fifa president minister of youth and sports zainudin amal minister of state owned enterprises bumn erick thohir,0.0,Netral,0
no president gianni gave a red viva uniform t shirt with jokowi s back writing number on the back because now president is part of the fifa team,-0.2263,Negatif,-1
president joko widodo and president of fifa gianni infantino the merdeka palace tuesday october,0.0,Netral,0
see president jokowi getsure disappointed furious pssi,-0.7783,Negatif,-1
news detik com news d tgpf tragedy kanjuruhan hand over investigation results recommendation of president jokowi complete contents,-0.296,Negatif,-1
news sues presidential diploma jokowi snare uu ite thought he said hate cyberthreat id m cyberthreat id read pen,-0.5719,Negatif,-1
discussion on details of the fifa president s meeting expresses sympathy for the families of the victims to the point that they care about the tragedy so president joko widodo explained to the press with president gianni,-0.25,Negatif,-1
sue presidential diploma jokowi snare uu ite thought he said hate cyberthreat id read pen president jokowi fake diploma bambangtrimulyono,-0.7783,Negatif,-1
see the full results of the meeting with the president of jokowi the president of fifa gianni infantino dlvr it sbhqr,0.0,Netral,0
crazy idiots are busy spreading hoaxes mr president joko widodo s fake diploma because crazy idiots have no brain function mr president laden a crazy person is a waste of the state,-0.9231,Negatif,-1
president jokowi meets fifa president this is the result of a pr sports com,0.0,Netral,0
breaking up is not right when eating the hoax issue ordered by president joko widodo,-0.2732,Negatif,-1
fifa president meets president joko widodo to discuss indonesian football dara co id fifa president,0.0,Netral,0
it s even weirder that crazy people spread hoaxes about fake diplomas mr president joko widodo crazy idiots are busy taking care of president joko widodo s diploma because crazy people don t have brain functions,-0.765,Negatif,-1
ex fpi always makes a fuss about president jokowi,0.0,Netral,0
president joko widodo s style photo with reporters at the nusantara palace,0.0,Netral,0
president joko widodo president of fifa gianni infantino holds a meeting to close the merdeka palace discusses the number of questions about indonesian football tuesday pdi p solid jabar s for the struggle of west java com headline ri da,-0.25,Negatif,-1
the results of the meeting of the president of jokowi the president of fifa the fruit day of the thread,0.0,Netral,0
president joko widodo s meeting with fifa the initial framework for the transformation of indonesian football the effects of the october kanjuruhan tragedy hebhaat rises and erick thohir rises together,-0.6597,Negatif,-1
president joko widodo says that the kanjuruhan suarapantau stadium will collapse com pre,-0.4939,Negatif,-1
bravo president joko widodo when indonesian football is completely reformed,0.0,Netral,0
erick added that he completely knew the contents of president joko widodo s speech,0.0,Netral,0
regarding the recommendation the tgpf asks the chairman of pssi to step down the response of the president joko widodo fifa president joko widodo bolanusantara pr liga com,0.0,Netral,0
erick thohir meets president joko widodo fifa dlvr it sbhktk,0.0,Netral,0
president gianni infantino meets tuesday the kanjuruhan stadium is sure to collapse,-0.2263,Negatif,-1
be wary of ex fpi s movements president joko widodo s orders are always provocative,0.0,Netral,0
president jokowi wants to work hard for arti,-0.1027,Negatif,-1
achmadi is angry who is the pig anies down in yemen it s a problem for you making trouble now even the president jokowi gave the title of national hero who s the dutch stooge,-0.6249,Negatif,-1
aba aba cameramen one or two were removed even though the count of three photos was a sign that mr president joko widodo had indeed submitted to the period according to the constitution twitter com jokowi status,0.0,Netral,0
thank you mr president is ashamed to take the president of football if you are ashamed to resign everyone takes care of pssi twitter com jokowi status,-0.4404,Negatif,-1
president meets fifa president to continue investigation,0.0,Netral,0
president jokowi has impunity for people with republic numbers vm tiktok com zsrpdrtyu,0.0,Netral,0
ferdy sambo finally bowed down to apologize to the president jokowi information on the complete hoax jahahoaks jakarta go id details hoax f hoax jahoaks jakarta,-0.5994,Negatif,-1
believe in hoaxes if the fake presidential diploma is clearly genuine,-0.1027,Negatif,-1
president joko widodo is sure that the kanjuruhan stadium will collapse rebuild according to fifa standards indonesian netball press via bit ly mindo list mmansion mmansionindo mindo mlaliga,-0.2263,Negatif,-1
president jokowi s fake diploma was broken there was a college friend s reunion,-0.7351,Negatif,-1
president joko widodo collapsed kanjuruhan stadium malang holopis com headline via com boom fifa minister of religion minister of youth and sports pssi joko widodo kanjuruhan malang,-0.2732,Negatif,-1
president joko widodo s meeting fifa president giovani infantino called the tragedy of the kanjuruhan s dark history the president s meeting,-0.6597,Negatif,-1
didu laaaahhh first barking who did the president step down don t because it failed and then maneuvered to attack your own comrade,-0.1022,Negatif,-1
president joko widodo until kanjuruhan stadium will collapse order to rebuild kanjuruhan stadium according to fifa standards real until jokowi meets with fifa president gianni infantino see the real jokowi,-0.4939,Negatif,-1
president joko widodo right talks to president of the parent world football association fifa gianni infantino official meeting of the state palace jakarta tuesday photo hafidz mubarak a fifa soccer soccer president jokowi,0.0,Netral,0
steady mr president wants the indonesian football team to be frozen later mr jokowi blames it for failing to run after the game on twitter com jokowi s status,-0.7184,Negatif,-1
president jokowi meets fifa president president joko widodo right handshake the parent president of the fifa world football association gianni infantino meets the state palace in jakarta tuesday photo hafidz mubarak a,0.0,Netral,0
so the governor of jakarta cheated the governor pasu was hurt by president joko widodo fired him as a minister,-0.8834,Negatif,-1
president joko widodo receives fifa president gianni infantino the independent palace in october fifa,0.0,Netral,0
president joko widodo said that the collapsed kanjuruhan stadium had built fifa standards kanjuruhan stadium kanjuruhan stadium kanjuruhan beritainbola com kanjur stadium,-0.2732,Negatif,-1
not khofifah said president jokowi is targeting stunting rates this year so all work hard surabayapagi com read press stu,-0.1689,Negatif,-1
the direction is so rude people are not weak the president meets the certificate of a state university the name of the police is asked,-0.3528,Negatif,-1
about meeting the president jokowi ugm friends after suing for fake diplomas rocky gerung body language not legal language warta ekonomi co id read soa,-0.3549,Negatif,-1
president joko widodo calls for a meeting with fifa s orders to deal with pssi bola okezone com read,0.0,Netral,0
president jokowi meets fifa president gianni infantino disway id read,0.0,Netral,0
facing the cadets kadrun pays it s hard for stupid people to think that people s provocations hate president joko widodo s orders twitter com prastow status,-0.8176,Negatif,-1
tuesday october the president of fifa arrived at wib direct greetings the president arrived the credential room of the independent palace,0.4215,Positif,1
not yet gianni infantino met with president joko widodo the state palace to discuss the tragedy of the kanjuruhan stadium last october coilnews kumpar com coilnews f,-0.6597,Negatif,-1
president accepts fifa president gianni infantino free palace october youtu be bzh qjajlk,0.6808,Positif,1
president jokowi fifa president gianni infantino meeting state palace fifa orders transform indonesian football while guarding pssi sport detik com soccer league,0.0,Netral,0
burhanuddin if the victim is the result of the prosecutor s tyranny how about it sir it s useless first until now it s responsive reporting have you ever responded have you waited for a warning from the president before responding,-0.5859,Negatif,-1
many advances in indonesia under the presidency of joko widodo my president development for the people of president jokowi the great jokowi who built the country of jokowi with indonesia nkrimaju with jokowi dki jakarta twitter com putri sepala st,0.6249,Positif,1
indonesia is getting more and more wise president joko widodo s orders twitter com anitago polrestabes medan iphone,0.5657,Positif,1
president jokowi president fifa consensus meeting brt st hc,0.0,Netral,0
the fifa president s order is sure that the world cup will go well according to fifa standards,0.5267,Positif,1
fifa president day gianni infantino jakarta erick hope to meet president jokowi ginanni bring good national football ahead of genzetindonesia erickthohirjujursehat,0.7003,Positif,1
president jokowi work work is more important for indonesian people,0.2716,Positif,1
president jokowi orders the renovation of the entire indonesian stadium bengkulu joko widodo my president development for the people president joko widodo the great jokowi to build the country joko widodo with indonesia nkrimaju with jokowi on twitter com anisilvia,0.6249,Positif,1
central jakarta district court postpones trial for alleged fake diploma of president joko widodo pbsnindonesia com hukrim pn jaka,-0.6369,Negatif,-1
fifa orders that the world cup will go well according to fifa standards the president said after the meeting with the fifa president giovani vicenzo infantino gianni infantino jakarta s independence palace tuesday october,0.2732,Positif,1
president of special law attends fifa world cup title qatar comes jokowi arrives at fifa office it takes a long time for indonesia to carry out the transformation of homeland football jokowi great voice com news,0.7783,Positif,1
seriously don t play with president joko widodo the big wedding party for the son of youtu be eemkophdgg passed,-0.0093,Negatif,-1
pssi is absent from welcoming the president of fifa the independent palace and president jokowi this is what president jokowi replied mantaranews com news,0.4404,Positif,1
only people are less demanding when they graduate from president joko widodo it s good if bambang lost mr jokowi is good the police other people enter like tifa bambang s other event warta ekonomi co id read ora,0.659,Positif,1
indonesia s orders with fifa have agreed that the fifa world cup will hold indonesia s title this year well said president joko widodo after meeting with fifa president giovani vicenzo infantino tuesday october,0.4939,Positif,1
indonesian fifa orders agree to the total transformation of indonesian football the president of the transformation ensure that all aspects of the road match are carried out according to safe standards,0.7906,Positif,1
president jokowi greets the people of the malioboro area president joko widodo early on at least paspampres greets tourists from the yogyakarta community the malioboro area the special area of yogyakarta president joko widodo hands over trade assistance to the malioboro area,0.5994,Positif,1
president meets fifa president gianni infantino meets in person at the merdeka palace central jakarta october meets with president jokowi fifa president agrees to transform indonesian football throughout,0.2023,Positif,1
president joko widodo immediately greeted the president of the fifa international football federation giovani vicenzo infantino tuesday october 2 to discuss major indonesian football matters after the football tragedy at the kanjuruhan stadium last october,-0.4472,Negatif,-1
indonesia will definitely continue to host the world cup for sure until the president of fifa gianni infantino after the meeting with president joko widodo the merdeka palace tuesday october buff ly tywbrh,0.8225,Positif,1
president jokowi orders fifa to review the importance of indonesian football buddyku com sports cb,0.3612,Positif,1
president joko widodo s meeting with the fifa president the initial framework for the transformation of indonesian football the effects of the kanjuruhan tragedy until erick thohir has not risen together,-0.6597,Negatif,-1
indonesian national police detains jokowi s presidential diploma defending school friend java zie xyz national police detains pe,0.4939,Positif,1
fifa president gianni infantino promises to make indonesian football better call the president jokowi meeting the state palace sport detik com soccer league,0.6705,Positif,1
welcome the president of fifa president jokowi go several agree on the order of the ri the international football federation fifa agree to carry out the transformation of indonesian football all aspects of the dlvr it sbhvr,0.7906,Positif,1
i have a problem with president joko widodo i only have mental health problems aka friction that s the end,-0.6597,Negatif,-1
president joko widodo welcomes the president of the international football federation giovani vicenzo infantino pledge of new steps for indonesian football,0.4019,Positif,1
president joko widodo the president of fifa then held a meeting in the jepara room discussing how important it was to relate to indonesian football especially the football tragedy kanjuruhan stadium malang last october,-0.5945,Negatif,-1
great talk by buya arrazy hasyim in front of president joko widodo vice president youtu be zkdehnpr through,0.6249,Positif,1
wait for the visit of president joko widodo the market forbids august,-0.3182,Negatif,-1
erick only met president joko widodo fifa rm id read the news go,0.0,Netral,0
president welcomes direct visit to president of the international football federation fifa giovani vicenzo infantino jakarta merdeka palace tuesday october,0.4019,Positif,1
three special memorabilia of the president of fifa president jokowi kmp im agdn,0.4019,Positif,1
president jokowi meets fifa president gianni infantino promises to review stakeholder football indonesia code for pssi sport detik com soccer league,0.3818,Positif,1
president joko widodo is great indonesia is strong continue twitter com yogapras stat,0.8126,Positif,1
agreed that the president of jokowi fifa indonesian football around papua com view sep,0.2732,Positif,1
president joko widodo said that the kanjuruhan kepanjen stadium malang regency east java collapsed after the tragedy killed indonesians id soccer rsyb,-0.9001,Negatif,-1
president welcomes a courtesy call from the president of fifa gianni infantino palace of independence tuesday october meeting to discuss the importance of indonesian football the main football tragedy the kanjuruhan stadium,0.3182,Positif,1
did not mention the results of the investigation into the tragedy of the fifa president jokowi kanjuruhan internal management of dlvr it sbhvx,-0.6597,Negatif,-1
this is the president who loves the people the most the people love the president the most president joko widodo so it s a long history,0.8467,Positif,1
president joko widodo meets with fifa president to agree to conduct indonesian football at the national id pr,0.3612,Positif,1
hope to meet president jokowi ginanni bring good national football ahead of twitter com cryptokuta sta,0.7003,Positif,1
hope to meet president jokowi ginanni bring good national football ahead of twitter com riverheaven s,0.7003,Positif,1
president joko widodo inaugurates council members to oversee bodies like bkph beritairn com president jokowi via,0.3612,Positif,1
president jokowi president fifa long discus discussing the transformation of national football dlvr it sbhtl,0.0,Netral,0
the president greets the president directly and respectfully visits the president of fifa giovani vicenzo infantino gianni infantino merdeka palace jkt on tuesday october arrives at 2 pm lgsg greetings with president jokowi tb merdeka palace credential room,0.7269,Positif,1
ioc member minister of soes until arrival fifa indonesia sells president s meeting brings a big agenda for the initial framework of the transformation of indonesian football to rise together,0.0,Netral,0
president jokowi is real fifa orders agree that the indonesian world cup will go well indozone id soccer bnspzaq,0.5574,Positif,1
sport detik com football important league photos see cengangas cengenges jokowi president jokowi fifa president gianni infantino meeting state palace fifa orders transform indonesian football while guarding pssi,0.2023,Positif,1
about the original proof of rocky gerung s diploma challenged president jokowi to come it s easy to just bring the file warta ekonomi co id read soa,0.5859,Positif,1
fifa president agrees that the world cup will still be indonesia s title an event to call it a title from may to june,0.2023,Positif,1
great president jokowi continues to build indonesia jokowi my president development for the people president jokowi great jokowi builds jokowi country together with indonesia nkrimaju together with jokowi west kalimantan,0.8481,Positif,1
following up on fifa s recommendations after the tragedy of the fifa president gianni infantino arrives indonesia welcomes the minister of state owned enterprises the agenda for the president s meeting visits to transform indonesian football rises together,-0.4019,Negatif,-1
great president jokowi admonishes police to be more responsive my president jokowi development for the people president jokowi great jokowi builds the country jokowimaju together with indonesia nkrimaju together with jokowi west kalimantan,0.8999,Positif,1
the national police immediately rushes president jokowi to firmly give direction jokowi my president development for the people president jokowi great jokowi to build the country of joko widodo together with indonesia nkrimaju with jokowi west kalimantan,0.6249,Positif,1
president jokowi role model jaya always indonesia jokowi my president development for the people president jokowi great jokowi build the country jokowimaju together with indonesia nkrimaju together with jokowi west nusa,0.6249,Positif,1
this is the leader of the great president jokowi twitter com miakcikar st jokowihebat ino harito polresta balam,0.6249,Positif,1
president of indonesia joko widodo jokowi meets with fifa president gianni infantino president joko widodo explaining what he discussed with the president of fifa detik com west java football,0.0,Netral,0
president jokowi pushes fast the process of border free trade cooperation gorontalo jokowi my president development for the people president jokowi great jokowi builds the nation jokowimaju together with indonesia nkrimaju together with jokowi,0.6249,Positif,1
president jokowi will collapse kanjuruhan detik stadium south sumatra com president jokowi,-0.4939,Negatif,-1
president joko widodo fifa the initial framework for the transformation of indonesian football the effects of the october kanjuruhan tragedy fifa meets jokowi for plans for the ioc member minister of state owned enterprises erick thohir,-0.6597,Negatif,-1
gianni continued to enter the farmer s car continued on the merdeka palace road met with the president of joko widodo the merdeka palace road safe standards vvip applied soekarno hatta airport police according to the soup get up together,0.4404,Positif,1
president joko widodo orders the national police to show solidarity ahead of the gorontalo milu jokowi my president development for the people president joko widodo is great jokowi to build the country of joko widodo with indonesia nkrimaju with jokowi,0.743,Positif,1
putam iyo nian bengkulu relatives proud president jokowi jokowi my president development for the people president jokowi great jokowi building the country jokowimaju together with indonesia nkrimaju together with jokowi,0.802,Positif,1
president of fifa meets president jokowi chairman of pssi suaraindo com president of fifa,0.0,Netral,0
suppress illegal migrant work dpr president jokowi protected fish safe dlvr it sbhjm,0.296,Positif,1
the national police have recorded president joko widodo s order just like jokowi s rightful order development for the people of president joko widodo great jokowi to build the country of joko widodo together with indonesia,0.765,Positif,1
president joko widodo s order the governor of ntt lemhanas jokowi my president development for the people president joko widodo great jokowi build the state of joko widodo together with indonesia nkrimaju together with jokowi banten,0.6249,Positif,1
president jokowi s orders members of the national police joko widodo my president development for the people president jokowi the great jokowi to build the country of joko widodo together with indonesia nkrimaju with jokowi banten,0.6249,Positif,1
many fishing rods for cloudy water the kanjuruhan incident was used as a moment for re shaking pssi not easy bambang pssi taking care of fifa president joko widodo,0.2008,Positif,1
erick thohir meets with president joko widodo of fifa brt st h,0.0,Netral,0
two presidents jokowi say that the review is important in indonesian football the president is really clear on the details of the context the review is important hope the point is mc,0.8122,Positif,1
indonesia has progressed a lot during the presidency of jokowi jokowi my president development for the people president joko widodo is great joko widodo is building the country joko widodo together with indonesia nkrimaju with jokowi dki jakarta twitter com banu s,0.6249,Positif,1
cm i want to ask when to report to the police regarding slander hate and provocation regarding the diploma of the president joko widodo cc,-0.5267,Negatif,-1
lib panpel police match open ears to hear the first point until president jokowi all aspects of the match road with fifa mc safe standards,0.4404,Positif,1
president joko widodo often visits the meeting area for solutions bit ly yodkw,0.6486,Positif,1
first president joko widodo said that fifa s orders agreed to carry out the transformation of indonesian football all aspects of the match must be carried out with fifa mc safe standards,0.6124,Positif,1
the evening of the ministry of home affairs aired earlier starting at 12 00 wib discussing about qatar officially hosting the asia tc national team cup the result of the meeting with fifa president jokowi and vino alvino,0.0,Netral,0
president jokowi leaves work as migrant worker g to g scheme south korea beritairn com president jokow via,0.0,Netral,0
fruit hope fifa president s day gianni infantino meeting president joko widodo presidential palace meeting president jokowi until the positive point of the meeting indonesian football mc,0.7579,Positif,1
inaugural trial sues for fake diplomas from junior high school president jokowi youtu be kqvzdda,-0.4767,Negatif,-1
main stadium management hook what standard stadium facilities two hooks secure management security management talk details president jokowi said tuesday,0.5859,Positif,1
kanjuruhan stadium collapsed got up ideas until the president jokowi fifa president gianni infantino further president jokowi said the new kanjuruhan stadium was an example of a good stadium standard,0.2023,Positif,1
president joko widodo fifa will collapse rebuild the stadium once the generation of pssi is torn down sir needs scientific evidence concrete statistics clear facts the senior national team has never won even at the southeast asian level,-0.6806,Negatif,-1
content of discussion fifa president gianni infantino president jokowi hooks indonesian football ift tt seygo,0.0,Netral,0
infantino meeting pssi holds infantino close,0.0,Netral,0
fifa comes to meet president joko widodo looks like a plan until ioc members serve as minister of state owned enterprises rises together,0.3612,Positif,1
president joko widodo s meeting with fifa the initial framework for the transformation of indonesian football the effects of the october kanjuruhan tragedy and then rising together,-0.6597,Negatif,-1
president joko widodo said about extortion looking for the wrong police so the people of bangka complained that the people of the national com pr,-0.7003,Negatif,-1
the tragedy of the re election of president joko widodo sent the minister of state owned enterprises erick thohir meeting with the fifa president the results of the pact on the total reform of indonesian football,-0.6597,Negatif,-1
dear mr president your direction is to ignore the national police the day of intimidation about the office of the chief of staff is indeed the limit of the statement just fix it mr chief of police come down just fire the cc police,-0.6249,Negatif,-1
there it s really strong professor hendry if you take a photo of president joko widodo s graduation then ask where is mr oresiden jokowi then you can answer play around here that means you understand but just come along so you ll look stupid,-0.4587,Negatif,-1
the points of the results of the meeting of the president of jokowi the president of fifa the shock number of inews id national news,-0.3182,Negatif,-1
president joko widodo is sure that the world cup will still be indonesia s title coming,0.3182,Positif,1
president jokowi meets fifa president gianni infantino presidential palace tuesday meeting mentions title discusses the number of entries about the tragedy of kanjuruhan the world cup title for the indonesian event is coming,-0.6249,Negatif,-1
president jokowi meets fifa president agrees to transform football throughout gatra com news na,0.2023,Positif,1
president joko widodo s president joko widodo s illegal migrants work protected fish safe warta ekonomi co id read tek,0.296,Positif,1
president jokowi special invites fifa president to attend world cup qatar pantaujam com pre,0.4019,Positif,1
president joko widodo officially inaugurated taking oath of office as member of the board of trustees members of the bpkh term of office in years joining the complete list of financial management detik com monetary d,0.0772,Positif,1
fifa president gianni infantino visits indonesia to meet president jokowi jakarta independence palace fifa gianniinfantino radarcirebon disway id read pr,0.0,Netral,0
president jokowi must be an example for the president of ri to join twitter com p eneste statu,0.296,Positif,1
fifa president gianni infantino meeting president jokowi republican state palace co id news rjyxy,0.0,Netral,0
yes it s true that president joko widodo is also really aware that many people in indonesia understand which groups of people work what is the motive that s why it s okay,0.7506,Positif,1
the big scandal tarnished the face of the police president joko widodo angered the national ekbistangsel com pr,-0.7351,Negatif,-1
rhamdani is present mr president joko widodo is very motivated pmi jokowi is with pmi rhamdani,0.5095,Positif,1
if you wait for president joko widodo to reshuffle it means that the minister of nasdem is immune to understanding culture being ashamed of being ashamed of bjorka,-0.6124,Negatif,-1
president jokowi officially sinovac covid vaccine for covid endemic countries indonesia sehatindonesia great news covid ppkm,0.6249,Positif,1
thank you president joko widodo for the dedication of central kalimantan later visit twitter co polrestabes medan iphone,0.3612,Positif,1
met the president of fifa president jokowi did not mention pssi bola com indonesia read,0.0,Netral,0
salute president jokowi fifa indonesia office help develop organization manage bravo competition twitter com osengbanyuwang,0.4019,Positif,1
have to invite the presidential promise stadium during the jakarta governor election,0.4404,Positif,1
president jokowi is ready everything is careful and smooth ktt g kttg presidentsig gindonesia recovertogetherrecoverstrongergindonesiagroupoftwentyindonesiarecoverwith ota bengkulu,0.4767,Positif,1
meeting the president of jokowi the president of fifa the state palace complete photo sindonews com view per,0.0,Netral,0
gianni infantino indonesia came to follow up on the last presidential letter regarding the big plan for the transformation of indonesian football after the tragedy of kanjuruhan metrotvnews com play bwcrzj newslinemetrotv jokowi prayforkanjuruhan,-0.4588,Negatif,-1
president joko widodo s fake diploma day trial said so that s why it s all gone don t delete the tweet twitter com jokerlisong st,-0.4767,Negatif,-1
president jokowi said fifa indonesian office long term what news detik com news d,0.0,Netral,0
jokowi s presidential order collapsed joko widodo s kanjuruhan stadium malang arema lightning com national news,-0.2732,Negatif,-1
president joko widodo the kanjuruhan stadium collapses exclaims co id president jokowi,-0.296,Negatif,-1
president joko widodo president of fifa agrees to carry out the transformation of all indonesian football urbannews id pre,0.2023,Positif,1
president joko widodo meets gianni infantino kanjuruhan stadium collapses rebuilds fifa standards kabarbanten thinks the people of pr sports,-0.296,Negatif,-1
president joko widodo received three special memorabilia from gianni infantino ift tt tgdqy,0.4019,Positif,1
president joko widodo gives special attention to the indonesian migrant work protection agency bpmi tauberita com presses work,0.4019,Positif,1
it must be like the stadium in the presidential promise during the election how about jkt,0.5859,Positif,1
cool president jokowi let s support the north sumatra greeting command program jokowi my president development for the people president jokowi great jokowibuild the country jokowimaju together with indonesia nkrimaju with jokowi twitter com gonjong stat,0.8934,Positif,1
hold a meeting with the president of fifa president jokowi does not discuss the recommendation of tgpf,0.0,Netral,0
the meeting of the fifa president joko widodo became a waiting agenda after the kanjuruhan dua tragedy to discuss the transformation of all indonesian football dlvr it as zrb,-0.6597,Negatif,-1
build infrastructure for president joko widodo at the economic level of the joko widodo nation build the republic of indonesia build jokowi s performance achievements,0.0,Netral,0
president jokowi interview official media cctv steals the attention of chinese citizens news bal bit ly tytgf mediainformation opsimin wordpress com waw,0.0772,Positif,1
president joko widodo president of fifa gianni infantino agreed that indonesian football should improve everything,0.6124,Positif,1
president joko widodo authorized southeast asia s first biopharmaceutical factory jokowi to build the republic of indonesia to build on jajokowi s performance achievements,0.0,Netral,0
fifa president meeting president jokowi agrees to carry out the transformation of all indonesian football infocabinet id with ri,0.2023,Positif,1
long lead president jokowi the result of building a kilometer long toll road jambi jokowi my president development for the people president jokowi great jokowi building the country jokowimaju together with indonesia nkrimaju with jokowi,0.6249,Positif,1
the results of the infantino meeting president jokowi safe world cup baseball com indonesia read,0.4404,Positif,1
as wise as the president of jokowi the people of north sulawesi the great jokowi my president jokowi the father of infrastructure development for the people,0.802,Positif,1
president joko widodo received three special memorabilia from gianni infantino ift tt hnqdzk,0.4019,Positif,1
as a result president jokowi builds indonesia towards advancing indonesia north sulawesi joko widodo the great jokowi my president joko widodo is the father of building infrastructure for the people,0.6249,Positif,1
clothing with disabilities the responsibility of all human feelings appreciation of the minister of social affairs president jokowi,0.5106,Positif,1
president joko widodo promises to quickly collapse kanjuruhan stadium to build new involvement with fifa assume co post jok,-0.1531,Negatif,-1
president joko widodo president of fifa agrees to carry out the transformation of all indonesian football megaposnews com president of jokowi,0.2023,Positif,1
add to the work of the era of president joko widodo please keep the food security of the community where the com works we can dam it all,0.5719,Positif,1
president joko widodo often visits the meeting area for the solution ift tt nxxzop,0.3182,Positif,1
joy football brings happiness says fifa president gianni infantino after meeting with president jokowi state palace dlvr it asybr,0.8126,Positif,1
president joko widodo s order to show solidarity ahead of the milu salam north sumatra jokowi my president development for the people of the president joko widodo was great jokowi to build the country of joko widodo with indonesia nkrimaju with jokowi,0.743,Positif,1
discuss the transformation of indonesian football president joko widodo welcomes the president of fifa dlvr it as yym,0.4019,Positif,1
president joko widodo ordered the collapse of the kanjuruhan stadium usuttuntastragedikanjuuhan bolanusantara pr league,-0.4939,Negatif,-1
president jokowi please let me know,0.3182,Positif,1
not near president jokowi minister of state owned enterprises erick thohir was able to realize the idea of a good fish job for the indonesian people to rise together,0.4404,Positif,1
president s meeting president gianni infantino state palace both agreed to review the importance of indonesian football in carrying out the transformation of national football,0.5574,Positif,1
president joko widodo upholds the neutrality of the island of bangka belitung jokowi my president development for the people president joko widodo is great for jokowi to build the nation of joko widodo together with indonesia nkrimaju with jokowi,0.6249,Positif,1
support the potential for public spending simple orders process for managing certificates for small industry tkd ik president joko widodo gaspol for indonesia kerjha com kindergarten certification,0.4019,Positif,1
president jokowi really cares about the people of the island of bangka belitung jokowi my president development for the people president jokowi great jokowi builds the nation jokowimaju together with indonesia nkrimaju together with jokowi,0.8122,Positif,1
fifa came to indonesia to meet president joko widodo directly i think pssi thinks it s wrong,-0.4767,Negatif,-1
the media crew mr fifa the office of the president jokowi is ready to withdraw fifa joins the pssi office to use the office ready for a wait and see order,0.6124,Positif,1
indonesian sports are progressing in the era of president joko widodo the island of bangka belitung joko widodo my president development for the people president joko widodo is great for jokowi to build the nation of joko widodo together with indonesia nkrimaju with jokowi,0.6249,Positif,1
jakarta bandung high speed train who s officially president jokowi jambi jokowi my president development for the people president jokowi great jokowi built the nation jokowimaju together with indonesia nkrimaju together with jokowi,0.6249,Positif,1
president gas pol industrialization education socialization is an important step related to the positive impact of the environmental economy the ministry continues to sell well in the electric vehicle industry,0.7579,Positif,1
how did president gusdur jokowi become one of indonesia s tolerance figures lead his religion until the message of peace one builds the nation,0.6908,Positif,1
trial of fake diploma case eggi sudjana insinuating the person prosecutor vice president jokowi personal not state ift tt ntuakh,-0.4767,Negatif,-1
after the tragedy of the fifa president kanjuruhan met the president of jokowi the state palace cityguidefm com after the tragedy,-0.8689,Negatif,-1
president joko widodo agrees that it is important for the fifa president via mataberita co id pre,0.3818,Positif,1
president joko widodo polri is responsive to the complaints of the people of jambi joko widodo my president development for the people president jokowi is great jokowi is building the country joko widodo with indonesia and nkrimaju with jokowi,0.5994,Positif,1
the results of the meeting of the president of jokowi the president of fifa dlvr it as xcj,0.0,Netral,0
mangkunegara temple must be able to pay attention to the order to stay javanese culture to maintain as well as cultural tourism borobudur temple appreciation for president joko widodo is the best president of indonesia,0.8481,Positif,1
jokowi s president leaves south korean migrant work dlvr it asxc,0.0,Netral,0
the figure has increased to rp trillion since the initial order of president joko widodo until may,0.2732,Positif,1
president jokowi remembers red jersey number president fifa gorajuara com pr sport,0.0772,Positif,1
president jokowi kanjuruhan stadium collapsed brt st gzd,-0.2732,Negatif,-1
president of gas pol sdm indonesia manpower is ready for competency skills for indonesian migrants to die some countries must be in a place to sell according to procedures,-0.34,Negatif,-1
proud mr joko widodo i appreciate the work of president joko widodo my president development for the people president jokowi great jokowi to build the country of joko widodo together with indonesia nkrimaju with jokowi,0.872,Positif,1
president joko widodo invites all parties to cooperate with the crisis uphold constitutional justice jambi appreciate the work of president jokowi jokowi my president development for the people great president joko widodo is building the country of joko widodo together with indonesia,0.8316,Positif,1
beware of hoaxes jambi presidential diploma appreciation for the work of president jokowi jokowi my president development for the people of president jokowi great jokowi building the country jokowimaju together with indonesia nkrimaju together with jokowi,0.8126,Positif,1
jokowi builds infrastructure for indonesia riau island is proud to have a president joko widodo my president development for the people president joko widodo is great jokowi in building the country joko widodo with indonesia nkrimaju with jokowi,0.802,Positif,1
the president s press explained after the meeting with the president of fifa gianni infantino the palace of independence jakarta tuesday the lens cabinet youtu be hpiajrp as,0.0,Netral,0
jokowi is advancing in sports indonesia riau island is proud to have a president joko widodo my president development for the people president jokowi is great joko widodo is building the country joko widodo with indonesia nkrimaju with jokowi,0.802,Positif,1
sport detik com jokowi presidential league football president meeting fifa gianni infantino promise to review stakeholder indonesian football code for pssi,0.3182,Positif,1
the full press was exposed by the press with the president of fifa president gianni infantino the palace of independence jakarta tuesday lens the cabinet of youtu be lf fuukhy,-0.0772,Negatif,-1
the president receives the president of the fifa international football federation gianni infantino tuesday the merdeka palace jakarta the president accompanied by the youth minister for sports zainudin amal the minister of state owned enterprises beritasonora via,0.0,Netral,0
president jokowi meets fifa president gianni infantino to discuss the transformation of indonesian football participates in the full speech of sport detik com soccer league,0.0,Netral,0
fifa discussion president joko widodo ordered the collapse of the kanjuruhan stadium s helo app com al sfudpbjmyr,-0.4939,Negatif,-1
the president came mr meeting with the president of the state palace to discuss the hook of fixing indonesia it s really good,0.4927,Positif,1
following up on president joko widodo s order regarding the renovation of the entire menpora stadium starting next year jokowi my president construction for the people of president joko widodo was great jokowi,0.6249,Positif,1
president of fifa president gianni infantino sells brightly by the press at the merdeka palace jakarta tuesday portraits photo cabinet public relations setkab rahmat,0.3612,Positif,1
president joko widodo s orders show solidarity ahead of jokowi s milu my president development for the people president jokowi great jokowi building the state of joko widodo together with indonesia nkrimaju together with jokowi jambi,0.743,Positif,1
president joko widodo president of fifa gianni infantino held a meeting to close the merdeka palace to discuss the number of questions about indonesian football,0.0772,Positif,1
president jokowi instructs the national police chief to uphold the law don t think weak jokowi my president development for the people president joko widodo is great jokowi in building the country joko widodo together with indonesia nkrimaju with jokowi jambi,0.7584,Positif,1
the president until the order with fifa agreed that the fifa indonesia world cup match would go well setkab go id president jokow,0.4939,Positif,1
maybe pssi will tell the story won t you listen to the president of fifa about meeting president joko widodo first so you know that pssi isn t working properly,0.0,Netral,0
jokowi s interview with china s media cctv steals the attention of the people of the bamboo curtain anies bharada e the president of fifa sukamulia,-0.5106,Negatif,-1
president gas pol builds village ministers dpdt said many villages lead female village heads index developed village women village evidence of the role of all stages of village development,0.0,Netral,0
trial sues for fake diplomas to hold central jakarta state fair day president joko widodo attends final trial adjourned,-0.2023,Negatif,-1
agreed to study appropriate stadiums apply technology to help mitigate various potential hazards of watching or playing said the zone president,0.6808,Positif,1
president joko widodo inaugurates board members to monitor bodies such as bkph access here news president,0.0,Netral,0
the president of fifa visits the office of the presidential palace president jokowi soccer ball the president of fifa remembers the visit of the president of fifa indonesia,0.0,Netral,0
president jokowi is furious that he received the results of the tgipf investigation regarding the tragedy of the kanjuruhan tgipf member akmal marhali i am a disappointed witness jokowi said,-0.9042,Negatif,-1
hello dimashp happy reading bright press fifa meet president jokowi independent palace president fifa gianni infantino thank you very much mr,0.8442,Positif,1
strong national food water resistance complete target to build infrastructure dam during the era of president jokowi like building adab work com sema weir,0.7003,Positif,1
president jokowi summons the chief of police jokowi palace my president development for the people president jokowi great jokowi building the country jokowimaju together with indonesia nkrimaju with jokowi jambi,0.6249,Positif,1
support the determination of president joko widodo the nation of jambi appreciate the work of president joko widodo my president development for the people president jokowi great jokowi building the state of joko widodo with indonesia nkrimaju together with jokowi,0.9042,Positif,1
fifa s presidential moment gave the president joko widodo a t shirt ball as a gift,0.4404,Positif,1
fifa president gianni infantino gave the ball to the world cup president jokowi after the meeting with the independent palace gianni gave the jersey the jokowi number news detik com news d,0.0772,Positif,1
president joko widodo president of fifa agrees that the fifa indonesia world cup is going well internationalmedia id president,0.4404,Positif,1
ahem jokowi president is great,0.6249,Positif,1
meeting with fifa president president jokowi tani menpora zainudin amal minister of state owned enterprises erick thohir not representative of pssi said jokowi news detik com news d,0.0,Netral,0
president joko widodo collapsed kanjuruhan stadium malang due to tragedy that killed more people decided to take a discussion with fifa president gianni infantino later kanjuruhan stadium will be built according to fifa indihome standards,-0.9001,Negatif,-1
long lead president joko widodo bridges built throughout indonesia longer regional icons such as jemb holtekamp jayapura jemb kali kuto central java inter regional connectivity jokowi,0.0,Netral,0
thank you president,0.3612,Positif,1
president jokowi let go of migrant work g to g scheme south korea sinpo tv detail president,0.0,Netral,0
president jokowi kanjuruhan stadium rebuild according to fifa nawacita co index php standar standards,0.0,Netral,0
president accepts fifa president gianni infantino orders ri fifa agree to carry out the transformation of indonesian football in all aspects of road competition according to fifa yantie s safe standards,0.7717,Positif,1
how many times did the president say a speech,0.0,Netral,0
fifa president gianni infantino president jokowi said collapsed kanjuruhan stadium malang stadiumkanjuruhan m jpnn com news meeting p,-0.2732,Negatif,-1
fifa president s promise after meeting with president joko widodo detik com west java football,0.3182,Positif,1
not iwan caucasian has resigned right pssi already has an order to welcome the president of fifa pssi is obliged to take responsibility,0.25,Positif,1
the achievements of president jokowi i m moving forward to build indonesia jokowi great jokowi my president jokowifather of infrastructure development for the people of president jokowi great jokowi building the nation jokowimaju together with indonesia jokowi working in north sumatera,0.8481,Positif,1
call the president jokowi the chief of the national police jokowi my president development for the people the president jokowi the great jokowi in building the nation jokowimaju together with indonesia nkrimaju with jokowi lampung pride,0.7579,Positif,1
president joko widodo calls iwan caucasian pssi to explain after the fifa dlvr it meeting as sd,0.0,Netral,0
the result of the meeting of the president of jokowi fifa world cup remains indonesia dlvr it as syv,0.0,Netral,0
president jokowi s infrastructure is good jokowi is great joko widodo my president joko widodo is the father of infrastructure for the people of president joko widodo is great joko widodo is building the country of joko widodo with indonesia joko widodo working in north sumatra,0.9022,Positif,1
build infrastructure for indonesia well lead president jokowi jokowi great jokowi my president jokowib father building infrastructure for the people president jokowi great jokowi build the country jokowimaju together with indonesia jokowi working in north sumatra,0.8834,Positif,1
warta ekonomi co id read not busy discussing a few of the haters provoking the haters why is the majority relaxed watching their entertainment watching success being healthy mr president joko widodo,0.6369,Positif,1
great time did you achieve the great president jokowi jokowi great jokowi my president jokowib father of infrastructure development for the people president jokowi great jokowi building the nation jokowimaju together with indonesia jokowi working in north sumatera,0.9545,Positif,1
president joko widodo is ready to take action against the world food crisis onepiece ti paramore amanda zahra pak muh balenciaga,-0.3818,Negatif,-1
president inaugurates taking oath of office as member of the supervisory board of trustees of the hajj money management agency bpkh bpkh members inauguration period the inauguration of the state palace jakarta monday october,0.0772,Positif,1
thank you fifa president president jokowi minister minister erick,0.3612,Positif,1
high appreciation mr president joko widodo finished the problem with the presidential office until he intervened to find fifa evidence that pssi used to be managed by amateurs,0.1531,Positif,1
commitment to take care mr president give an extraordinary mandate reveal the case until it comes to fruition,0.7003,Positif,1
president joko widodo has many achievements,0.0,Netral,0
fifa president agrees that the world cup will continue to be indonesia s title may to june,0.2023,Positif,1
president jokowi is really cool indonesia is getting ahead twitter com maryshelparais jokowi great,0.7713,Positif,1
president jokowi reveals blt fuel channel reaches percent economicreview id president jokow,0.0516,Positif,1
i m afraid that the neurologist will go to jail so he must be responsible for slandering the hoax and slander of the national police when will the doctor slander a fake diploma to the president on twitter com blueneo stat,-0.4404,Negatif,-1
look at the tweet see clearly bring emotions to the heart think it s comfortable there is a president jokowi,0.8807,Positif,1
president joko widodo president of fifa agrees to carry out the transformation of all indonesian football dlvr it as rw,0.2023,Positif,1
presidential chief of staff ksp moeldoko will definitely wake up stay on track even though the order is working hard on the crisis evidence of achieving work president s order moeldoko s leadership is vigilant id nusantara peme,-0.2732,Negatif,-1
eggi sudjana asks president jokowi to attend further trial in the case of alleged fake diploma dlvr it asrlh,-0.4767,Negatif,-1
steady proud of president jokowi maluku north maluku jokowi my president development for the people president jokowi great jokowi building the state of joko widodo with indonesia nkrimaju together with jokowi,0.802,Positif,1
president asks the indonesian migrant work protection agency bpmi to record all indonesian migrant work abroad there is no work then the illegal route is jokowibersamapmi rhamdani nasional kompas com read,-0.7003,Negatif,-1
president jokowi builds kanjuruhan stadium full of fifa standards dlvr it asrdl,0.0,Netral,0
jokowi and fifa review important matters for indonesian football president jokowi and fifa president agree to review important matters on dlvr it as news president jokowi fifa president fifa gianniinfantino,0.6486,Positif,1
tersjabar id plugin article kanjuruhan stadium collapses president jokowi builds according to fifa kanjuruhan fifa standards,-0.296,Negatif,-1
president jokowi orders from the governor of ntt lemhanas banten jokowi my president development for the people president jokowi great jokowi build the country jokowimaju together with indonesia nkrimaju together with jokowi,0.6249,Positif,1
the result of the meeting of the president of jokowi the president of fifa gianni infantino the palace of independence bit ly emikhy,0.5574,Positif,1
president jokowi fast action banten jokowi my president development for the people president jokowi great jokowi build the country jokowimaju together with indonesia nkrimaju together with jokowi,0.6249,Positif,1
is it possible that the president of fifa indonesia will come under the law of president jokowi with the intention of asking permission for the new indonesian football association fill in the people who vote for fifa s order to support helmy yahya queen tisha new pssi,0.4019,Positif,1
president of fifa fish official soccer jersey for the world cup president jokowi,0.0,Netral,0
ghiffary president joko widodo is a big lie for all indonesian people,0.0,Netral,0
president of pmi g to g scheme south korea el royale hotel jakarta monday october president i m happy to say that pmi is leaving in the form of hr skilled competence high spirited,0.7184,Positif,1
president joko widodo until the kanjuruhan stadium will collapse the stadium will be rebuilt according to fifa standards news detik com news d,-0.4939,Negatif,-1
joko widodo souvenir of the president of fifa after the meeting with the presidential palace of the president of jokowi fifa souvenir of gianniinfantino jokowidodo btsmilitary house ofthedragonhbo pancasilain action money tuesdayvibe,0.0,Netral,0
lampung has always supported the programs of mr president joko widodo my president development for the people president joko widodo greatest jokowi developing the state of joko widodo together with indonesia nkrimaju together with jokowi twitter com erlitazahra s,0.7579,Positif,1
lampung has always supported the programs of mr president joko widodo my president development for the people president joko widodo greatest jokowi developing the state of joko widodo together with indonesia nkrimaju together with jokowi twitter com usharanimuni s,0.7579,Positif,1
president jokowi brother jokowi is present if it s fake it s present please say eggi news detik com news d,-0.2023,Negatif,-1
definitely wake up keep going on track even though the order is working hard on the crisis evidence by achieving the work ordered by president jokowi vice president ma ruf amin long leadership moeldoko cc moeldoko beritasatu com economy,-0.4215,Negatif,-1
lampung has always supported the programs of mr president joko widodo my president development for the people president joko widodo greatest jokowi developing the state of joko widodo together with indonesia nkrimaju together with jokowi twitter com miakcikar st,0.7579,Positif,1
president of fifa president agrees to carry out transformation of all indonesian football,0.2023,Positif,1
lampung has always supported the programs of mr president joko widodo my president development for the people president joko widodo greatest jokowi developing the state of joko widodo together with indonesia nkrimaju together with jokowi twitter com silvarahayu,0.7579,Positif,1
lampung has always supported the programs of mr president joko widodo my president development for the people president joko widodo great jokowi building the state of joko widodo together with indonesia nkrimaju together with jokowi,0.7506,Positif,1
president jokowi kanjuruhan stadium collapsed in a hurry id command p,-0.2732,Negatif,-1
sue win president please sue sue back for accusations it s not a personal matter since becoming president i ve always looked for the wrong side of the national cnnindonesia com opponent,0.1596,Positif,1
president joko widodo is sure to channel blt bsu bbm as a smooth road area bltbb helps the community social assistance bbm to make it easier for the people blt distribution is targeted to succeed the government s policy of equitable subsidies for the future of central java,0.872,Positif,1
president joko widodo claims to receive subsidized subsidies for wages to reach 100 percent bltb helping the community social and fueling social assistance to ease the people blt distribution kpm targeted at succeeding the government s policy of equitable subsidies for the future of central java,0.7906,Positif,1
president joko widodo doesn t need to be noisy he does have an original certificate show his original certificate,0.4404,Positif,1
believe me let s have a fight in english with me how about president jokowi,-0.3818,Negatif,-1
president joko widodo asked about the fate of tum pssi iwan bule executive committee pssi asked to resign detik com sulsel football,-0.34,Negatif,-1
the order needs to socialize the positive impact of the economic environment on electric vehicles president jokowi gas pol industrialization,0.5574,Positif,1
looking for an alibi or looking for a valid clarification honest diploma just finished showing the public original diploma rumor problem solving honest proof president twitter com alisyarief sta,0.8225,Positif,1
is it possible that president joko widodo will ask for fifa s permission to form a new indonesian football association where are the people who vote for fifa s orders,0.0,Netral,0
the people of lampung are very happy to build infrastructure build infrastructure mr president joko widodo land of lampung jokowi my president development for the people president joko widodo is great jokowi,0.8439,Positif,1
ksp moeldoko will definitely wake up continue to walk on track even though the order is working hard on the crisis evidence of achieving work orders from president jokowi vice president ma ruf amin long leadership of moeldoko,-0.4215,Negatif,-1
